id,tag_name
0,Female body
0,Techwear Outfit
0,figma
0,Max Factory
0,Yuki
0,action-figure
1,Azone International
1,Character Series No.132
1,Marisa Kirisame
1,Touhou Project
1,1/6
1,Pure Neemo
1,action-figure
2,NieR Replicant
2,NieR
2,Square Enix
2,Boy NieR
2,BRING ARTS
2,NieR Replicant ver.1.22474487139...
2,action-figure
3,Plastic Model
3,Good Smile Company
3,MODEROID
3,DARLING in the FRANXX
3,Strelitzia
3,action-figure
4,Demon Slayer
4,Kimetsu no Yaiba
4,figma
4,Max Factory
4,Zenitsu Agatsuma
4,Demon Slayer: Kimetsu no Yaiba
4,action-figure
5,DX Edition
5,Demon Slayer
5,figma
5,Kimetsu no Yaiba
5,Zenitsu Agatsuma
5,Max Factory
5,action-figure
6,Hokuto no Ken
6,Fist of the North Star
6,Medicos Entertainment
6,Super Action Statue
6,Jagi
6,action-figure
7,Super Action Statue
7,JoJo's Bizarre Adventure Part.5
7,Medicos Entertainment
7,M.B
7,JoJo's Bizarre Adventure
7,action-figure
8,Leone Abbacchio
8,Super Action Statue
8,JoJo's Bizarre Adventure Part.5
8,JoJo's Bizarre Adventure
8,action-figure
9,PLAMAX GP-03
9,Maidroid Chloe
9,Guilty Princess
9,Max Factory
9,action-figure
10,Uradilena Milise
10,Lena
10,Eighty Six
10,Stronger
10,1/7
10,86
10,1/7 Scale Figure
10,scale-figure
11,Gyaru Sniper
11,illustration
11,Nidy-2D-
11,1/6
11,STD
11,Alphamax
11,scale-figure
12,1/6
12,illustration
12,DX
12,Nidy-2D-
12,Gyaru Sniper
12,18+
12,Skytube
12,scale-figure
13,Kimetsu no Yaiba
13,Demon Blood Art
13,Bandai Spirits
13,Demon Slayer: Kimetsu no Yaiba
13,Demon Slayer
13,Nezuko Kamado
13,Figuarts ZERO
13,scale-figure
14,Bandai Spirits
14,Kimetsu no Yaiba
14,Demon Slayer: Kimetsu no Yaiba
14,Tanjiro Kamado
14,Demon Slayer
14,Full Concentration
14,Figuarts ZERO
14,scale-figure
15,Kimetsu no Yaiba
15,Bandai Spirits
15,Figuarts ZERO
15,Beast Breath
15,Inosuke Hashibira
15,Demon Slayer: Kimetsu no Yaiba
15,Demon Slayer
15,scale-figure
16,BLEACH
16,Gin Ichimaru
16,MegaHouse
16,G.E.M.
16,Arrancar Arc
16,scale-figure
17,Lila Decyrus
17,Atelier Ryza: Ever Darkness & the Secret Hideout
17,Lila
17,Atelier Ryza
17,MegaHouse
17,Atelier
17,Lucrea
17,scale-figure
18,One More Palm
18,MegaHouse
18,Demon Slayer
18,Kimetsu no Yaiba
18,G.E.M.
18,Demon Slayer: Kimetsu no Yaiba
18,scale-figure
19,Fullmetal Alchemist
19,MegaHouse
19,G.E.M
19,Wrath
19,scale-figure
20,Nakajima Atsushi
20,Bungou Stray Dogs
20,Good Smile Company
20,Nendoroid
20,chibi-figure
21,Epilogue Dress
21,Disney
21,Frozen
21,Elsa
21,Nendoroid
21,Good Smile Company
21,Frozen 2
21,chibi-figure
22,Disney
22,Frozen
22,Nendoroid
22,Epilogue Dress
22,Good Smile Company
22,Frozen 2
22,Anna
22,chibi-figure
23,Godzilla
23,2000
23,General Distribution Edition
23,Plex
23,Godzilla 2000
23,Deforeal
23,chibi-figure
24,X PLUS
24,Deforeal
24,Gamera
24,Gamera 3: The Revenge of Iris
24,1999
24,chibi-figure
25,Yuru Camp
25,Solo Camp
25,Good Smile Company
25,Nendoroid
25,DX
25,Laid-Back Camp
25,Nadeshiko Kagamihara
25,chibi-figure
26,Good Smile Company
26,Nendoroid
26,Nadeshiko Kagamihara
26,Laid-Back Camp
26,Solo Camp
26,Yuru Camp
26,chibi-figure
27,Nendoroid
27,Altria Caster
27,Good Smile Company
27,Altria Pendragon
27,Saber Lily
27,Saber Alter
27,Fate/Grand Order
27,Fate
27,Saber
27,Caster
27,chibi-figure
28,The Quintessential Quintuplets
28,Nino Nakano
28,Nendoroid
28,Good Smile Company
28,chibi-figure
29,Somali and the Forest Spirit
29,Nendoroid
29,Somali
29,Toytec
29,chibi-figure
