id,publisher
0,Max Factory
1,Azone International
2,Square Enix
3,Good Smile Company
4,Max Factory
5,Max Factory
6,Genco
7,Medicos Entertainment
8,Medicos Entertainment
9,Max Factory
10,Snail Shell Studio
11,Storm Collectibles
12,Sentinel
13,Kotobukiya
14,Max Factory
15,Max Factory
16,Max Factory
17,Max Factory
18,TB League 
19,TB League 
20,Max Factory
21,Max Factory
22,Medicos Entertainment
23,Medicos Entertainment
24,Kotobukiya
25,Max Factory
26,Kotobukiya
27,Good Smile Company
28,Aoshima
29,Good Smile Company
30,Max Factory
31,Max Factory
32,Max Factory
33,Good Smile Company
34,Good Smile Company
35,Max Factory
36,Max Factory
37,Snail Shell Studio
38,APEX
39,Max Factory
40,Max Factory
41,Japan
42,Japan
43,Bandai Spirits
44,Max Factory
45,Good Smile Company
46,Kotobukiya
47,Square Enix
48,Square Enix
49,VTOYS
50,Max Factory
51,Medicos Entertainment
52,Square Enix
53,Square Enix
54,Max Factory
55,Bandai Spirits
56,Bandai Spirits
57,Bandai Spirits
58,Bandai Spirits
59,Bandai Spirits
60,Bandai Spirits
61,Bandai Spirits
62,Daibadi Production 
63,So-ta
64,Max Factory
65,Azone International
66,Azone International
67,Max Factory
68,Bandai
69,Max Factory
70,Bandai Spirits
71,Bandai Spirits
72,Bandai Spirits
73,Bandai Spirits
74,Bandai Spirits
75,Takara Tomy
76,Max Factory
77,Max Factory
78,Max Factory
79,Good Smile Company
80,Bandai Spirits
81,Bandai Spirits
82,Bandai Spirits
83,Good Smile Company
84,Square Enix
85,Square Enix
86,Kotobukiya
87,Square Enix
88,Square Enix
89,Max Factory
90,Max Factory
91,Azone International
92,Max Factory
93,Aoshima
94,Max Factory
95,Max Factory
96,Max Factory
97,Kotobukiya
98,Kaiyodo
99,Gomora Kick
100,Medicos Entertainment
101,Medicos Entertainment
102,Good Smile Company
103,Good Smile Company
104,Good Smile Company
105,Good Smile Company
106,Bandai Spirits
107,Max Factory
108,Kotobukiya
109,Sentinel
110,Max Factory
111,Max Factory
112,Medicos Entertainment
113,Medicos Entertainment
114,Square Enix
115,Square Enix
116,Square Enix
117,Square Enix
118,Azone International
119,Azone International
120,Kotobukiya
121,Kaiyodo
122,Kotobukiya
123,Max Factory
124,Square Enix
125,Square Enix
126,Square Enix
127,Bandai Spirits
128,Max Factory
129,Max Factory
130,Max Factory
131,Kaiyodo
132,Medicom Toy
133,Medicos Entertainment
134,Good Smile Company
135,Aniplex
136,Kadokawa
137,Snail Shell Studio
138,Kotobukiya
139,Kotobukiya
140,KEMO
141,KEMO
142,Max Factory
143,Flame Toys
144,Kotobukiya
145,Square Enix
146,Sentinel
147,"FunnyKnights, Aoshima"
148,Kotobukiya
149,Kaiyodo
150,Kotobukiya
151,Kotobukiya
152,Medicos Entertainment
153,Max Factory
154,Bandai Spirits
155,Square Enix
156,Square Enix
157,Square Enix
158,Max Factory
159,MegaHouse
160,Wave
161,Good Smile Company
162,Snail Shell Studio
163,Daibadi Production
164,Max Factory
165,Max Factory
166,MegaHouse
167,Max Factory
168,Kotobukiya
169,Medicos Entertainment
170,Square Enix
171,Bandai Spirits
172,Bandai Spirits
173,Bandai Spirits
174,Bandai Spirits
175,Bandai Spirits
176,Kotobukiya
177,Max Factory
178,Max Factory
179,Max Factory
180,Kaiyodo
181,TOYSEIIKI
182,Bandai Spirits
183,Good Smile Company
184,Storm Collectibles
185,Medicom Toy
186,Bandai Spirits
187,Japan
188,APEX
189,Good Smile Company
190,Medicos Entertainment
191,Kotobukiya
192, Daikatori Omocha
193,Daikatori Omocha
194,Max Factory
195,FREEing
196,Good Smile Racing
197,Medicom Toy
198,Medicom Toy
199,1000toys
200,Kaiyodo
201,Kaiyodo
202,Kotobukiya
203,Kotobukiya
204,Medicos Entertainment
205,Bandai Spirits
206,Bandai Spirits
207,Good Smile Racing
208,Square Enix
209,Square Enix
210,Square Enix
211,TOYSEIIKI
212,Good Smile Company
213,Max Factory
214,Japan
215,Japan
216,Japan
217,Japan
218,Japan
219,Japan
220,Japan
221,Japan
222,Japan
223,Japan
224,Japan
225,Japan
226,Japan
227,Japan
228,Japan
229,Japan
230,Japan
231,Japan
232,Japan
233,Japan
234,Japan
235,Japan
236,Japan
237,Japan
238,Japan
239,Japan
240,Japan
241,Japan
242,Japan
243,Japan
244,Japan
245,Japan
246,Japan
247,Japan
248,Japan
249,Japan
250,Japan
251,Japan
252,Japan
253,Japan
254,Japan
255,Japan
256,Japan
257,Japan
258,Japan
259,Japan
260,Japan
261,Japan
262,Japan
263,Japan
264,Japan
265,Japan
266,Japan
267,Japan
268,Japan
269,Japan
270,Japan
271,Japan
272,Japan
273,Japan
274,Japan
275,Japan
276,Japan
277,Japan
278,Japan
279,Japan
280,Japan
281,Japan
282,Japan
283,Japan
284,Japan
285,Japan
286,Japan
287,Japan
288,Japan
289,Japan
290,Japan
291,Japan
292,Japan
293,Japan
294,Japan
295,Japan
296,Japan
297,Japan
298,Japan
299,Japan
300,Japan
301,Japan
302,Japan
303,Japan
304,Japan
305,Japan
306,Japan
307,Japan
308,Japan
309,Japan
310,Japan
311,Japan
312,Japan
313,Japan
314,Japan
315,Japan
316,Japan
317,Japan
318,Japan
319,Japan
320,Japan
321,Japan
322,Japan
323,Japan
324,Japan
325,Japan
326,Japan
327,Japan
328,Japan
329,Japan
330,Japan
331,Japan
332,Japan
333,Japan
334,Japan
335,Japan
336,Japan
337,Japan
338,Japan
339,Japan
340,Japan
341,Japan
342,Japan
343,Japan
344,Japan
345,Japan
346,Japan
347,Japan
348,Japan
349,Japan
350,Japan
351,Japan
352,Japan
353,Japan
354,Japan
355,Japan
356,Japan
357,Japan
358,Japan
359,Japan
360,Japan
361,Japan
362,Japan
363,Japan
364,Japan
365,Japan
366,Japan
367,Japan
368,Japan
369,Japan
370,Japan
371,Japan
372,Japan
373,Japan
374,Japan
375,Japan
376,Japan
377,Japan
378,Japan
379,Japan
380,Japan
381,Japan
382,Japan
383,Japan
384,Japan
385,Japan
386,Japan
387,Japan
388,Japan
389,Japan
390,Japan
391,Japan
392,Japan
393,Japan
394,Japan
395,Japan
396,Japan
397,Japan
398,Japan
399,Japan
400,Japan
401,Japan
402,Japan
403,Japan
404,Japan
405,Japan
406,Japan
407,Japan
408,Japan
409,Japan
410,Japan
411,Japan
412,Japan
413,Japan
414,Japan
415,Japan
416,Japan
417,Japan
418,Japan
419,Japan
420,Japan
421,Japan
422,Japan
423,Japan
424,Japan
425,Japan
426,Japan
427,Japan
428,Japan
429,Japan
430,Japan
431,Japan
432,Japan
433,Japan
434,Japan
435,Japan
436,Japan
437,Japan
438,Japan
439,Japan
440,Japan
441,Japan
442,Japan
443,Japan
444,Japan
445,Japan
446,Japan
447,Japan
448,Japan
449,Japan
450,Japan
451,Japan
452,Japan
453,Japan
454,Japan
455,Japan
456,Japan
457,Japan
458,Japan
459,Japan
460,Japan
461,Japan
462,Japan
463,Japan
464,Japan
465,Japan
466,Japan
467,Japan
468,Japan
469,Japan
470,Japan
471,Japan
472,Japan
473,Japan
474,Japan
475,Japan
476,Japan
477,Japan
478,Japan
479,Japan
480,Japan
481,Japan
482,Japan
483,Japan
484,Japan
485,Japan
486,Japan
487,Japan
488,Japan
489,Japan
490,Japan
491,Japan
492,Japan
493,Japan
494,Japan
495,Japan
496,Japan
497,Japan
498,Japan
499,Japan
500,Japan
501,Japan
502,Japan
503,Japan
504,Japan
505,Japan
506,Japan
507,Japan
508,Japan
509,Japan
510,Japan
511,Japan
512,Japan
513,Japan
514,Japan
515,Japan
516,Japan
517,Japan
518,Japan
519,Japan
520,Japan
521,Japan
522,Japan
523,Japan
524,Japan
525,Japan
526,Japan
527,Japan
528,Japan
529,Japan
530,Japan
531,Japan
532,Japan
533,Japan
534,Japan
535,Japan
536,Japan
537,Japan
538,Japan
539,Japan
540,Japan
541,Japan
542,Japan
543,Japan
544,Japan
545,Japan
546,Japan
547,Japan
548,Japan
549,Japan
550,Japan
551,Japan
552,Japan
553,Japan
554,Japan
555,Japan
556,Japan
557,Japan
558,Japan
559,Japan
560,Japan
561,Japan
562,Japan
563,Japan
564,Japan
565,Japan
566,Japan
567,Japan
568,Japan
569,Japan
570,Japan
571,Japan
572,Japan
573,Japan
574,Japan
575,Japan
576,Japan
577,Japan
578,Japan
579,Japan
580,Japan
581,Japan
582,Japan
583,Japan
584,Japan
585,Japan
586,Japan
587,Japan
588,Japan
589,Japan
590,Japan
591,Japan
592,Japan
593,Japan
594,Japan
595,Japan
596,Japan
597,Japan
598,Japan
599,Japan
600,Japan
601,Japan
602,Japan
603,Japan
604,Japan
605,Japan
606,Japan
607,Japan
608,Japan
609,Japan
610,Japan
611,Japan
612,Japan
613,Japan
614,Japan
615,Japan
616,Japan
617,Japan
618,Japan
619,Japan
620,Japan
621,Japan
622,Japan
623,Japan
624,Japan
625,Japan
626,Japan
627,Japan
628,Japan
629,Japan
630,Japan
631,Japan
632,Japan
633,Japan
634,Japan
635,Japan
636,Japan
637,Japan
638,Japan
639,Japan
640,Japan
641,Japan
642,Japan
643,Japan
644,Japan
645,Japan
646,Japan
647,Japan
648,Japan
649,Japan
650,Japan
651,Japan
652,Japan
653,Japan
654,Japan
655,Japan
656,Japan
657,Japan
658,Japan
659,Japan
660,Japan
661,Japan
662,Japan
663,Japan
664,Japan
665,Japan
666,Japan
667,Japan
668,Japan
669,Japan
670,Japan
671,Japan
672,Japan
673,Japan
674,Japan
675,Japan
676,Japan
677,Japan
678,Japan
679,Japan
680,Japan
681,Japan
682,Japan
683,Japan
684,Japan
685,Japan
686,Japan
687,Japan
688,Japan
689,Japan
690,Japan
691,Japan
692,Japan
693,Japan
694,Japan
695,Japan
696,Japan
697,Japan
698,Japan
699,Japan
700,Japan
701,Japan
702,Japan
703,Japan
704,Japan
705,Japan
706,Japan
707,Japan
708,Japan
709,Japan
710,Japan
711,Japan
712,Japan
713,Japan
714,Japan
715,Japan
716,Japan
717,Japan
718,Japan
719,Japan
720,Japan
721,Japan
722,Japan
723,Japan
724,Japan
725,Japan
726,Japan
727,Japan
728,Japan
729,Japan
730,Japan
731,Japan
732,Japan
733,Japan
734,Japan
735,Japan
736,Japan
737,Japan
738,Japan
739,Japan
740,Japan
741,Japan
742,Japan
743,Japan
744,Japan
745,Japan
746,Japan
747,Stronger
748,Alphamax
749,Skytube
750,Bandai Spirits
751,Bandai Spirits
752,Bandai Spirits
753,MegaHouse
754,MegaHouse
755,MegaHouse
756,MegaHouse
757,MegaHouse
758,FREEing
759,Good Smile Company
760,Good Smile Company
761,Good Smile Arts Shanghai
762,Kotobukiya
763,eStream
764,furyu
765,Hobby Max
766,Emontoys
767,"AmiAmi , Oh-ami"
768,Japan
769,F.W.A.T
770,Union Creative
771,Good Smile Company
772,Kotobukiya
773,FREEing
774,Phat Company
775,Daiki kogyo
776,Revolve
777,Good Smile Company
778,Good Smile Company
779,Good Smile Company
780,Good Smile Company
781,Kotobukiya
782,FREEing
783,MiHoYo
784,MiHoYo
785,Good Smile Company
786,Good Smile Company
787,Kotobukiya
788,Wave
789,Union Creative
790,WANDERER
791,Good Smile Company
792,Good Smile Company
793,Emontoys
794,Good Smile Company
795,eStream
796,Good Smile Company
797,FREEing
798,Pink Charm
799,furyu
800,AmiAmi x AMAKUNI
801,Good Smile Company
802,Good Smile Company
803,Good Smile Company
804,Good Smile Company
805,MegaHouse
806,MegaHouse
807,MegaHouse
808,MegaHouse
809,Good Smile Arts Shanghai
810,FREEing
811,Bandai Namco Arts
812,Alter
813,knead
814,NetEase Games
815,Alter
816,Good Smile Company
817,Snail Shell Studio
818,"Kaitendo , Mabell"
819,FREEing
820,furyu
821,Union Creative
822,Bandai Spirits
823,ques Q
824,ques Q
825,MegaHouse
826,FREEing
827,Hobby Stock
828,Takara Tomy
829,Takara Tomy
830,TMS Entertainment
831,Japan
832,Alter
833,F.W.A.T
834,Kadokawa
835,RIBOSE
836,Phat Company
837,Proovy
838,Alphamax
839,Max Factory
840,Kotobukiya
841,Union Creative
842,Good Smile Company
843,FREEing
844,Good Smile Company
845,Intelligent System
846,ques Q
847,Vertex
848,Kotobukiya
849,Phat Company
850,Daiki kogyo
851,Good Smile Company
852,Good Smile Company
853,Wave
854,Good Smile Company
855,Good Smile Company
856,Good Smile Company
857,Good Smile Company
858,WING
859,MIMEYOI
860,MIMEYOI
861,AniGift
862,MegaHouse
863,A+
864,Alphamax
865,Kadokawa
866,Kadokawa
867,FREEing
868,Q-six
869,Hobby Max Japan
870,Hobby Max Japan
871,Kotobukiya
872,FREEing
873,Our Treasure
874,"Zero-G Act , Revolve"
875,GENESIS
876,Good Smile Company
877,Good Smile Company
878,Good Smile Company
879,Skytube
880,"AmiAmi, Ohmi"
881,FREEing
882,Emontoys
883,Bellfine
884,Native
885,"BINDing, Native"
886,furyu
887,FREEing
888,Good Smile Company
889,Kotobukiya
890,Union Creative
891,Bishop's Rondo
892,AmiAmi x AMAKUNI
893,FREEing
894,FREEing
895,FREEing
896,Orca Toys
897,"Aniplex, Max Factory"
898,Bandai Spirits
899,Good Smile Company
900,Good Smile Company
901,Kadokawa
902,Kadokawa
903,"FunnyKnights , Aoshima"
904,Daiki kogyo
905,Kotobukiya
906,FREEing
907,Good Smile Company
908,furyu
909,Kaiyodo
910,Kaiyodo
911,Kaiyodo
912,Aniplex
913,"Pink , Charm"
914,"PM Office A , Plum"
915,Kotobukiya
916,Alter
917,Broccoli
918,Bellfine
919,Bellfine
920,Union Creative
921,eighteen
922,Union Creative
923,Good Smile Company
924,Good Smile Company
925,Phat Company
926,Kotobukiya
927,FREEing
928,Max Factory
929,Daiki kogyo
930,Union Creative
931,Kotobukiya
932,FREEing
933,FREEing
934,Myethos
935,Vertex
936,AmiAmi x AMAKUNI
937,AmiAmi x AMAKUNI
938,AmiAmi x AMAKUNI
939,Good Smile Company
940,Kadokawa
941,FREEing
942,WING
943,NetEase Games
944,NetEase Games
945,NetEase Games
946,NetEase Games
947,NetEase Games
948,NetEase Games
949,Snail Shell Studio
950,ques Q
951,eStream
952,eStream
953,MIMEYOI
954,MIMEYOI
955,Alter
956,eStream
957,Phat Company
958,Phat Company
959,"MAPPA , eStream"
960,APEX
961,APEX
962,furyu
963,plusone
964,Myethos
965,Nekoyome
966,furyu
967,furyu
968,furyu
969,ques Q
970,Skytube
971,Kotobukiya
972,KADOKAWA
973,"Kadokawa, Chara-ani"
974,MegaHouse
975,Bandai Spirits
976,Bandai Spirits
977,Good Smile Company
978,Good Smile Company
979,Dreamtech
980,Myethos
981,NetEase Games
982,Kadokawa
983,Kadokawa
984,Good Smile Company
985,Good Smile Company
986,Union Creative
987,Kotobukiya
988,Kotobukiya
989,FREEing
990,Good Smile Company
991,Good Smile Company
992,FREEing
993,Union Creative
994,Phat Company
995,Daiki kogyo
996,Wave
997,MiHoYo
998,Hobby Max Japan
999,Hobby Max Japan
1000,Union Crative
1001,Good Smile Company
1002,Good Smile Arts Shanghai
1003,Kotobukiya
1004,Kotobukiya
1005,Skytube
1006,Union Creative
1007,"BINDing , Native"
1008,Good Smile Company
1009,Good Smile Company
1010,Good Smile Company
1011,Wonderful Works
1012,Good Smile Company
1013,FREEing
1014,Alter
1015,Alter
1016,APEX
1017,Good Smile Arts Shanghai
1018,Kotobukiya
1019,"FunnyKnights, Aoshima"
1020,Bellfine
1021,Bellfine
1022,MiHoYo
1023,Good Smile Company
1024,furyu
1025,Kadokawa
1026,FREEing
1027,NetEase Games
1028,Japan
1029,MegaHouse
1030,AmiAmi
1031,With Fans!
1032,Aniplex
1033,Amakuni
1034,Amakuni
1035,furyu
1036,knead
1037,Kotobukiya
1038,AniGift
1039,Good Smile Company
1040,Good Smile Company
1041,Medicos Entertainment
1042,FREEing
1043,Kotobukiya
1044,Good Smile Company
1045,Phat Company
1046,Alter
1047,AniGift
1048,Hot Toys
1049,Daiki kogyo
1050,NetEase Games
1051,NetEase Games
1052,Good Smile Company
1053,Licorne
1054,Bellfine
1055,Di molto bene
1056,Good Smile Company
1057,furyu
1058,Kotobukiya
1059,Kotobukiya
1060,Good Smile Company
1061,Phat Company
1062,WING
1063,FREEing
1064,furyu
1065,Takara Tomy
1066,Takara Tomy
1067,Kotobukiya
1068,Max Factory
1069,Kotobukiya
1070,FREEing
1071,Good Smile Company
1072,Intelligent System
1073,Union Creative
1074,Good Smile Arts Shanghai
1075,Good Smile Arts Shanghai
1076,ques Q
1077,Our Treasure
1078,Wonderful Works
1079,Alter
1080,FREEing
1081,Kotobukiya
1082,MegaHouse
1083,Bandai Spirits
1084,Bandai Spirits
1085,FREEing
1086,MegaHouse
1087,Alter
1088,furyu
1089,Daiki kogyo
1090,Union Creative
1091,Kotobukiya
1092,Myethos
1093,Phat Company
1094,FREEing
1095,Max Factory
1096,Party Look
1097,Amakuni
1098,Amakuni
1099,Union Creative
1100,"AmiAmi , Oh-ami"
1101,Vertex
1102,Medicos Entertainment
1103,FREEing
1104,Alter
1105,Hot Toys
1106,Q-six
1107,Q-six
1108,APEX
1109,APEX
1110,Emontoys
1111,WING
1112,FREEing
1113,Good Smile Company
1114,Sentinel
1115,Broccoli
1116,FREEing
1117,Kadokawa
1118,Takara Tomy
1119,Takara Tomy
1120,Union Creative
1121,"Milestone , Queen Ted"
1122,eStream
1123,eStream
1124,eStream
1125,furyu
1126,eStream
1127,NetEase Games
1128,amie x ALTAiR
1129,Bellfine
1130,Bellfine
1131,Bellfine
1132,Kotobukiya
1133,"Kadokawa, Chara-ani"
1134,Union Creative
1135,Good Smile Arts Shanghai
1136,AmiAmi x AMAKUNI
1137,"Mabell , Lechery"
1138,MegaHouse
1139,MegaHouse
1140,MegaHouse
1141,WING
1142,Bandai Namco Arts
1143,Wave
1144,"Kadokawa, Chara-ani"
1145,WING
1146,Good Smile Company
1147,Hobby Max Japan
1148,Hobby Max Japan
1149,FREEing
1150,Daiki kogyo
1151,Kotobukiya
1152,Kotobukiya
1153,Bishop's Rondo
1154,FREEing
1155,FREEing
1156,Licorne
1157,Vertex
1158,Vertex
1159,Amakuni
1160,Amakuni
1161,furyu
1162,Kadokawa
1163,Union Creative
1164,ques Q
1165,Japan
1166,Phat Company
1167,Native
1168,Hobby Max
1169,Kotobukiya
1170,Good Smile Company
1171,Kotobukiya
1172,FREEing
1173,"Plum , PM Office A "
1174,"Plum , PM Office A "
1175,Union Creative
1176,Union Creative
1177,Kotobukiya
1178,Miyuki
1179,Kadokawa
1180,Hakoiri Musume
1181,Hakoiri Musume
1182,ques Q
1183,OrchidSeed
1184,Kadokawa
1185,Good Smile Company
1186,Kadokawa
1187,MiHoYo
1188,Union Creative
1189,AniGift
1190,Kotobukiya
1191,Kotobukiya
1192,Good Smile Company
1193,Good Smile Company
1194,WING
1195,Union Creative
1196,Aniplex
1197,Good Smile Company
1198,Good Smile Company
1199,Phat Company
1200,Max Factory
1201,Good Smile Company
1202,Wave
1203,MegaHouse
1204,MegaHouse
1205,Bandai Spirits
1206,WING
1207,Bellfine
1208,furyu
1209,Kotobukiya
1210,Good Smile Company
1211,Broccoli
1212,"WING , Aniplex"
1213,"WING , Aniplex"
1214,"WING , Aniplex"
1215,Amakuni
1216,Good Smile Company
1217,Good Smile Company
1218,Wave
1219,furyu
1220,furyu
1221,furyu
1222,furyu
1223,"Hobby Max , Hobby Max Japan"
1224,Kotobukiya
1225,Myethos
1226,Myethos
1227,FREEing
1228,Phat Company
1229,Square Enix
1230,Alter
1231,furyu
1232,furyu
1233,Japan
1234,Kadokawa
1235,Kadokawa
1236,ques Q
1237,Flare
1238,Flare
1239,"Kadokawa, Chara-ani"
1240,Kotobukiya
1241,Kotobukiya
1242,Kotobukiya
1243,Good Smile Company
1244,FREEing
1245,Kadokawa
1246,Kadokawa
1247,WANDERER
1248,Kotobukiya
1249,Kadokawa
1250,Broccoli
1251,"Aniplex  , Wing "
1252,Skytube
1253,Good Smile Company
1254,Daiki kogyo
1255,MIMEYOI
1256,Wave
1257,Good Smile Company
1258,Good Smile Company
1259,FREEing
1260,AmiAmi
1261,"BINDing , Native "
1262,Bishop's Rondo
1263,Bandai Spirits
1264,Myethos
1265,Japan
1266,Alphamax
1267,MegaHouse
1268,Phat Company
1269,Good Smile Company
1270,Azone International
1271,furyu
1272,Kadokawa
1273,Azone International
1274,"FunnyKnights, Aoshima"
1275,Phat Company
1276,Hobby Stock
1277,Alter
1278,"Mabell , Lechery"
1279,"Kaitendo , Mabell"
1280,"Kaitendo , Mabell"
1281,Kotobukiya
1282,Kotobukiya
1283,Kotobukiya
1284,Hakoiri Musume
1285,Bellfine
1286,Skytube
1287,Broccoli
1288,Fengrong
1289,Fengrong
1290,Emontoys
1291,FREEing
1292,WING
1293,plusone
1294,Takara Tomy
1295,Kadokawa
1296,Kadokawa
1297,A+
1298,Aniplex
1299,Insight
1300,Union Creative
1301,WING
1302,Wave
1303,APEX
1304,Kotobukiya
1305,Kotobukiya
1306,Alter
1307,Emontoys
1308,Union Creative
1309,Daiki kogyo
1310,Wonderful Works
1311,eighteen
1312,eighteen
1313,furyu
1314,MegaHouse
1315,Myethos
1316,GOODSMILE RACING & TYPE-MOON RACING
1317,Good Smile Company
1318,Phat Company
1319,Kotobukiya
1320,Kadokawa
1321,Kadokawa
1322,Good Smile Company
1323,Our Treasure
1324,Kotobukiya
1325,Union Creative
1326,FREEing
1327, WING
1328,Reverse Studio
1329,Kadokawa
1330,Kadokawa
1331,1000toys
1332,FREEing
1333,Good Smile Company
1334,Broccoli
1335,NetEase Games
1336,Kadokawa
1337,Hobby Max Japan
1338,Hobby Max Japan
1339,Kaitendo
1340,Genco
1341,Snail Shell Studio
1342,Azone International
1343,Wave
1344,Bellfine
1345,Good Smile Company
1346,APEX
1347,Bellfine
1348,Vertex
1349,Max Factory
1350,MEDIUM5
1351,Kotobukiya
1352,Kotobukiya
1353,FREEing
1354,Our Treasure
1355,Kadokawa
1356,Plum
1357,furyu
1358,Sentinel
1359,furyu
1360,furyu
1361,WING
1362,Luminous Box
1363,FREEing
1364,"FunnyKnights, Aoshima"
1365,Daiki kogyo
1366,furyu
1367,Kotobukiya
1368,Myethos
1369,Myethos
1370,Phat Company
1371,Good Smile Company
1372,MiHoYo
1373,Flare
1374,NetEase Games
1375,Stronger
1376,Stronger
1377,Bishop's Rondo
1378,AmiAmi
1379,Good Smile Company
1380,Snail Shell Studio
1381,eStream
1382,eStream
1383,eStream
1384,Hobby Max Japan
1385,Hobby Max Japan
1386,Takara Tomy
1387,Magic Mold
1388,Bellfine
1389,furyu
1390,furyu
1391,Kotobukiya
1392,FREEing
1393,FREEing
1394,Amakuni
1395,Licorne
1396,FREEing
1397,Phat Company
1398,Good Smile Arts Shanghai
1399,"Kadokawa, Chara-ani"
1400,Kadokawa
1401,"Kadokawa, Chara-ani"
1402,Bellfine
1403,FREEing
1404,furyu
1405,Kotobukiya
1406,Kotobukiya
1407,Kadokawa
1408,Kadokawa
1409,Kotobukiya
1410,Kotobukiya
1411,FREEing
1412,Myethos
1413,Alter
1414,Wonderful Works
1415,Azone International
1416,Bellfine
1417,Bellfine
1418,Skytube
1419,Dream Bistro
1420,FREEing
1421,Kotobukiya
1422,FREEing
1423,GOODSMILE RACING & TYPE-MOON RACING
1424,Max Factory
1425,Good Smile Company
1426,Orca Toys
1427,Native
1428,TOYSEIIKI
1429,FREEing
1430,Kadokawa
1431,FREEing
1432,FREEing
1433,Takara Tomy
1434,Takara Tomy
1435,"FunnyKnights, Aoshima"
1436,AmiAmi x AMAKUNI
1437,AmiAmi x AMAKUNI
1438,APEX
1439,WANDERER
1440,Alter
1441,Wave
1442,Ryu-NS
1443,Aniplex
1444,FREEing
1445,APEX
1446,Kotobukiya
1447,"BINDing , Native "
1448,Hakoiri Musume
1449,Vertex
1450,Kotobukiya
1451,FREEing
1452,BINDing
1453,Kotobukiya
1454,Kotobukiya
1455,Good Smile Company
1456,PM Office A
1457,Gecco
1458,Union Creative
1459,Alpha Satellite
1460,Alpha Satellite
1461,furyu
1462,Myethos
1463,Myethos
1464,ques Q
1465,ques Q
1466,Good Smile Company
1467,WING
1468,Alter
1469,Alter
1470,Good Smile Company
1471,AniGift
1472,Hobby Stock
1473,Shine
1474,Kadokawa
1475,Wonderful Works
1476,Phat Company
1477,FREEing
1478,Kadokawa
1479,FREEing
1480,Alter
1481, Alter
1482,Max Factory
1483,Japan
1484,Daiki Kogyo
1485,Broccoli
1486,
1487," amiami , Oh-ami"
1488,DAMTOYS
1489,Licorne
1490,Alter
1491,Wave
1492,Alter
1493,Japan
1494,Japan
1495,Japan
1496,Japan
1497,Japan
1498,Japan
1499,Japan
1500,Japan
1501,Japan
1502,Japan
1503,Japan
1504,Japan
1505,Japan
1506,Japan
1507,Japan
1508,Japan
1509,Japan
1510,Japan
1511,Japan
1512,Japan
1513,Japan
1514,Japan
1515,Japan
1516,Japan
1517,Japan
1518,Japan
1519,Japan
1520,Japan
1521,Japan
1522,Japan
1523,Japan
1524,Japan
1525,Japan
1526,Japan
1527,Japan
1528,Japan
1529,Japan
1530,Japan
1531,Japan
1532,Japan
1533,Japan
1534,Japan
1535,Japan
1536,Japan
1537,Japan
1538,Japan
1539,Japan
1540,Japan
1541,Japan
1542,Japan
1543,Japan
1544,Japan
1545,Japan
1546,Japan
1547,Japan
1548,Japan
1549,Japan
1550,Japan
1551,Japan
1552,Japan
1553,Japan
1554,Japan
1555,Japan
1556,Japan
1557,Japan
1558,Japan
1559,Japan
1560,Japan
1561,Japan
1562,Japan
1563,Japan
1564,Japan
1565,Japan
1566,Japan
1567,Japan
1568,Japan
1569,Japan
1570,Japan
1571,Japan
1572,Japan
1573,Japan
1574,Japan
1575,Japan
1576,Japan
1577,Japan
1578,Japan
1579,Japan
1580,Japan
1581,Japan
1582,Japan
1583,Japan
1584,Japan
1585,Japan
1586,Japan
1587,Japan
1588,Japan
1589,Japan
1590,Japan
1591,Japan
1592,Japan
1593,Japan
1594,Japan
1595,Japan
1596,Japan
1597,Japan
1598,Japan
1599,Japan
1600,Japan
1601,Japan
1602,Japan
1603,Japan
1604,Japan
1605,Japan
1606,Japan
1607,Japan
1608,Japan
1609,Japan
1610,Japan
1611,Japan
1612,Japan
1613,Japan
1614,Japan
1615,Japan
1616,Japan
1617,Japan
1618,Japan
1619,Japan
1620,Japan
1621,Japan
1622,Japan
1623,Japan
1624,Japan
1625,Japan
1626,Japan
1627,Japan
1628,Japan
1629,Japan
1630,Japan
1631,Japan
1632,Japan
1633,Japan
1634,Japan
1635,Japan
1636,Japan
1637,Japan
1638,Japan
1639,Japan
1640,Japan
1641,Japan
1642,Japan
1643,Japan
1644,Japan
1645,Japan
1646,Japan
1647,Japan
1648,Japan
1649,Japan
1650,Japan
1651,Japan
1652,Japan
1653,Japan
1654,Japan
1655,Japan
1656,Japan
1657,Japan
1658,Japan
1659,Japan
1660,Japan
1661,Japan
1662,Japan
1663,Japan
1664,Japan
1665,Japan
1666,Japan
1667,Japan
1668,Japan
1669,Japan
1670,Japan
1671,Japan
1672,Japan
1673,Japan
1674,Japan
1675,Japan
1676,Japan
1677,Japan
1678,Japan
1679,Japan
1680,Japan
1681,Japan
1682,Japan
1683,Japan
1684,Japan
1685,Japan
1686,Japan
1687,Japan
1688,Japan
1689,Japan
1690,Japan
1691,Japan
1692,Japan
1693,Japan
1694,Japan
1695,Japan
1696,Japan
1697,Japan
1698,Japan
1699,Japan
1700,Japan
1701,Japan
1702,Japan
1703,Japan
1704,Japan
1705,Japan
1706,Japan
1707,Japan
1708,Japan
1709,Japan
1710,Japan
1711,Japan
1712,Japan
1713,Japan
1714,Japan
1715,Japan
1716,Japan
1717,Japan
1718,Japan
1719,Japan
1720,Japan
1721,Japan
1722,Japan
1723,Japan
1724,Japan
1725,Japan
1726,Japan
1727,Japan
1728,Japan
1729,Japan
1730,Japan
1731,Japan
1732,Japan
1733,Japan
1734,Japan
1735,Japan
1736,Japan
1737,Japan
1738,Japan
1739,Japan
1740,Japan
1741,Japan
1742,Japan
1743,Japan
1744,Japan
1745,Japan
1746,Japan
1747,Japan
1748,Japan
1749,Japan
1750,Japan
1751,Japan
1752,Japan
1753,Japan
1754,Japan
1755,Japan
1756,Japan
1757,Japan
1758,Japan
1759,Japan
1760,Japan
1761,Japan
1762,Japan
1763,Japan
1764,Japan
1765,Japan
1766,Japan
1767,Japan
1768,Japan
1769,Japan
1770,Japan
1771,Japan
1772,Japan
1773,Japan
1774,Japan
1775,Japan
1776,Japan
1777,Japan
1778,Japan
1779,Japan
1780,Japan
1781,Japan
1782,Japan
1783,Japan
1784,Japan
1785,Japan
1786,Japan
1787,Japan
1788,Japan
1789,Japan
1790,Japan
1791,Japan
1792,Japan
1793,Japan
1794,Japan
1795,Japan
1796,Japan
1797,Japan
1798,Japan
1799,Japan
1800,Japan
1801,Japan
1802,Japan
1803,Japan
1804,Japan
1805,Japan
1806,Japan
1807,Japan
1808,Japan
1809,Japan
1810,Japan
1811,Japan
1812,Japan
1813,Japan
1814,Japan
1815,Japan
1816,Japan
1817,Japan
1818,Japan
1819,Japan
1820,Japan
1821,Japan
1822,Japan
1823,Japan
1824,Japan
1825,Japan
1826,Japan
1827,Japan
1828,Japan
1829,Japan
1830,Japan
1831,Japan
1832,Japan
1833,Japan
1834,Japan
1835,Japan
1836,Japan
1837,Japan
1838,Japan
1839,Japan
1840,Japan
1841,Japan
1842,Japan
1843,Japan
1844,Japan
1845,Japan
1846,Japan
1847,Japan
1848,Japan
1849,Japan
1850,Japan
1851,Japan
1852,Japan
1853,Japan
1854,Japan
1855,Japan
1856,Japan
1857,Japan
1858,Japan
1859,Japan
1860,Japan
1861,Japan
1862,Japan
1863,Japan
1864,Japan
1865,Japan
1866,Japan
1867,Japan
1868,Japan
1869,Japan
1870,Japan
1871,Japan
1872,Japan
1873,Japan
1874,Japan
1875,Japan
1876,Japan
1877,Japan
1878,Japan
1879,Japan
1880,Japan
1881,Japan
1882,Japan
1883,Japan
1884,Japan
1885,Japan
1886,Japan
1887,Japan
1888,Japan
1889,Japan
1890,Japan
1891,Japan
1892,Japan
1893,Japan
1894,Japan
1895,Japan
1896,Japan
1897,Japan
1898,Japan
1899,Japan
1900,Japan
1901,Japan
1902,Japan
1903,Japan
1904,Japan
1905,Japan
1906,Japan
1907,Japan
1908,Japan
1909,Japan
1910,Japan
1911,Japan
1912,Japan
1913,Japan
1914,Japan
1915,Japan
1916,Japan
1917,Japan
1918,Japan
1919,Japan
1920,Japan
1921,Japan
1922,Japan
1923,Japan
1924,Japan
1925,Japan
1926,Japan
1927,Japan
1928,Japan
1929,Japan
1930,Japan
1931,Japan
1932,Japan
1933,Japan
1934,Japan
1935,Japan
1936,Japan
1937,Japan
1938,Japan
1939,Japan
1940,Japan
1941,Japan
1942,Japan
1943,Japan
1944,Japan
1945,Japan
1946,Japan
1947,Japan
1948,Japan
1949,Japan
1950,Japan
1951,Japan
1952,Japan
1953,Japan
1954,Japan
1955,Japan
1956,Japan
1957,Japan
1958,Japan
1959,Japan
1960,Japan
1961,Japan
1962,Japan
1963,Japan
1964,Japan
1965,Japan
1966,Japan
1967,Japan
1968,Japan
1969,Japan
1970,Japan
1971,Japan
1972,Japan
1973,Japan
1974,Japan
1975,Japan
1976,Japan
1977,Japan
1978,Japan
1979,Japan
1980,Japan
1981,Japan
1982,Japan
1983,Japan
1984,Japan
1985,Japan
1986,Japan
1987,Japan
1988,Japan
1989,Japan
1990,Japan
1991,Japan
1992,Japan
1993,Japan
1994,Japan
1995,Japan
1996,Japan
1997,Japan
1998,Japan
1999,Japan
2000,Japan
2001,Japan
2002,Japan
2003,Japan
2004,Japan
2005,Japan
2006,Japan
2007,Japan
2008,Japan
2009,Japan
2010,Japan
2011,Japan
2012,Japan
2013,Japan
2014,Japan
2015,Japan
2016,Japan
2017,Japan
2018,Japan
2019,Japan
2020,Japan
2021,Japan
2022,Japan
2023,Japan
2024,Japan
2025,Japan
2026,Japan
2027,Japan
2028,Japan
2029,Japan
2030,Japan
2031,Japan
2032,Japan
2033,Japan
2034,Japan
2035,Japan
2036,Japan
2037,Japan
2038,Japan
2039,Japan
2040,Japan
2041,Japan
2042,Japan
2043,Japan
2044,Japan
2045,Japan
2046,Japan
2047,Japan
2048,Japan
2049,Japan
2050,Japan
2051,Japan
2052,Japan
2053,Japan
2054,Japan
2055,Japan
2056,Japan
2057,Japan
2058,Japan
2059,Japan
2060,Japan
2061,Japan
2062,Japan
2063,Japan
2064,Japan
2065,Japan
2066,Japan
2067,Japan
2068,Japan
2069,Japan
2070,Japan
2071,Japan
2072,Japan
2073,Japan
2074,Japan
2075,Japan
2076,Japan
2077,Japan
2078,Japan
2079,Japan
2080,Japan
2081,Japan
2082,Japan
2083,Japan
2084,Japan
2085,Japan
2086,Japan
2087,Japan
2088,Japan
2089,Japan
2090,Japan
2091,Japan
2092,Japan
2093,Japan
2094,Japan
2095,Japan
2096,Japan
2097,Japan
2098,Japan
2099,Japan
2100,Japan
2101,Japan
2102,Japan
2103,Japan
2104,Japan
2105,Japan
2106,Japan
2107,Japan
2108,Japan
2109,Japan
2110,Japan
2111,Japan
2112,Japan
2113,Japan
2114,Japan
2115,Japan
2116,Japan
2117,Japan
2118,Japan
2119,Japan
2120,Japan
2121,Japan
2122,Japan
2123,Japan
2124,Japan
2125,Japan
2126,Japan
2127,Japan
2128,Japan
2129,Japan
2130,Japan
2131,Japan
2132,Japan
2133,Japan
2134,Japan
2135,Japan
2136,Japan
2137,Japan
2138,Japan
2139,Japan
2140,Japan
2141,Japan
2142,Japan
2143,Japan
2144,Japan
2145,Japan
2146,Japan
2147,Japan
2148,Japan
2149,Japan
2150,Japan
2151,Japan
2152,Japan
2153,Japan
2154,Japan
2155,Japan
2156,Japan
2157,Japan
2158,Japan
2159,Japan
2160,Japan
2161,Japan
2162,Japan
2163,Japan
2164,Japan
2165,Japan
2166,Japan
2167,Japan
2168,Japan
2169,Japan
2170,Japan
2171,Japan
2172,Japan
2173,Japan
2174,Japan
2175,Japan
2176,Japan
2177,Japan
2178,Japan
2179,Japan
2180,Japan
2181,Japan
2182,Japan
2183,Japan
2184,Japan
2185,Japan
2186,Japan
2187,Japan
2188,Japan
2189,Japan
2190,Japan
2191,Japan
2192,Japan
2193,Japan
2194,Japan
2195,Japan
2196,Japan
2197,Japan
2198,Japan
2199,Japan
2200,Japan
2201,Japan
2202,Japan
2203,Japan
2204,Japan
2205,Japan
2206,Japan
2207,Japan
2208,Japan
2209,Japan
2210,Japan
2211,Japan
2212,Japan
2213,Japan
2214,Japan
2215,Japan
2216,Japan
2217,Japan
2218,Japan
2219,Japan
2220,Japan
2221,Japan
2222,Japan
2223,Japan
2224,Japan
2225,Japan
2226,Japan
2227,Japan
2228,Japan
2229,Japan
2230,Japan
2231,Japan
2232,Japan
2233,Japan
2234,Japan
2235,Japan
2236,Japan
2237,Japan
2238,Japan
2239,Japan
2240,Japan
2241,Japan
2242,Japan
2243,Japan
2244,Japan
2245,Japan
2246,Japan
2247,Japan
2248,Japan
2249,Japan
2250,Japan
2251,Japan
2252,Japan
2253,Japan
2254,Japan
2255,Japan
2256,Japan
2257,Japan
2258,Japan
2259,Japan
2260,Japan
2261,Japan
2262,Japan
2263,Japan
2264,Japan
2265,Japan
2266,Japan
2267,Japan
2268,Japan
2269,Japan
2270,Japan
2271,Japan
2272,Japan
2273,Japan
2274,Japan
2275,Japan
2276,Japan
2277,Japan
2278,Japan
2279,Japan
2280,Japan
2281,Japan
2282,Japan
2283,Japan
2284,Japan
2285,Japan
2286,Japan
2287,Japan
2288,Japan
2289,Japan
2290,Japan
2291,Japan
2292,Japan
2293,Japan
2294,Japan
2295,Japan
2296,Japan
2297,Japan
2298,Japan
2299,Japan
2300,Japan
2301,Japan
2302,Japan
2303,Japan
2304,Japan
2305,Japan
2306,Japan
2307,Japan
2308,Japan
2309,Japan
2310,Japan
2311,Japan
2312,Japan
2313,Japan
2314,Japan
2315,Japan
2316,Japan
2317,Japan
2318,Japan
2319,Japan
2320,Japan
2321,Japan
2322,Japan
2323,Japan
2324,Japan
2325,Japan
2326,Japan
2327,Japan
2328,Japan
2329,Japan
2330,Japan
2331,Japan
2332,Japan
2333,Japan
2334,Japan
2335,Japan
2336,Japan
2337,Japan
2338,Japan
2339,Japan
2340,Japan
2341,Japan
2342,Japan
2343,Japan
2344,Japan
2345,Japan
2346,Japan
2347,Japan
2348,Japan
2349,Japan
2350,Japan
2351,Japan
2352,Japan
2353,Japan
2354,Japan
2355,Japan
2356,Japan
2357,Japan
2358,Japan
2359,Japan
2360,Japan
2361,Japan
2362,Japan
2363,Japan
2364,Japan
2365,Japan
2366,Japan
2367,Japan
2368,Japan
2369,Japan
2370,Japan
2371,Japan
2372,Japan
2373,Japan
2374,Japan
2375,Japan
2376,Japan
2377,Japan
2378,Japan
2379,Japan
2380,Japan
2381,Japan
2382,Japan
2383,Japan
2384,Japan
2385,Japan
2386,Japan
2387,Japan
2388,Japan
2389,Japan
2390,Japan
2391,Japan
2392,Japan
2393,Japan
2394,Japan
2395,Japan
2396,Japan
2397,Japan
2398,Japan
2399,Japan
2400,Japan
2401,Japan
2402,Japan
2403,Japan
2404,Japan
2405,Japan
2406,Japan
2407,Japan
2408,Japan
2409,Japan
2410,Japan
2411,Japan
2412,Japan
2413,Japan
2414,Japan
2415,Japan
2416,Japan
2417,Japan
2418,Japan
2419,Japan
2420,Japan
2421,Japan
2422,Japan
2423,Japan
2424,Japan
2425,Japan
2426,Japan
2427,Japan
2428,Japan
2429,Japan
2430,Japan
2431,Japan
2432,Japan
2433,Japan
2434,Japan
2435,Japan
2436,Japan
2437,Japan
2438,Japan
2439,Japan
2440,Japan
2441,Japan
2442,Japan
2443,Japan
2444,Japan
2445,Japan
2446,Japan
2447,Japan
2448,Japan
2449,Japan
2450,Japan
2451,Japan
2452,Japan
2453,Japan
2454,Japan
2455,Japan
2456,Japan
2457,Japan
2458,Japan
2459,Japan
2460,Japan
2461,Japan
2462,Japan
2463,Japan
2464,Japan
2465,Japan
2466,Japan
2467,Japan
2468,Japan
2469,Japan
2470,Japan
2471,Japan
2472,Japan
2473,Japan
2474,Japan
2475,Japan
2476,Japan
2477,Japan
2478,Japan
2479,Japan
2480,Japan
2481,Japan
2482,Japan
2483,Japan
2484,Japan
2485,Japan
2486,Japan
2487,Japan
2488,Japan
2489,Japan
2490,Japan
2491,Japan
2492,Japan
2493,Japan
2494,Japan
2495,Japan
2496,Japan
2497,Japan
2498,Japan
2499,Japan
2500,Japan
2501,Japan
2502,Japan
2503,Japan
2504,Japan
2505,Japan
2506,Japan
2507,Japan
2508,Japan
2509,Japan
2510,Japan
2511,Japan
2512,Japan
2513,Japan
2514,Japan
2515,Japan
2516,Japan
2517,Japan
2518,Japan
2519,Japan
2520,Japan
2521,Japan
2522,Japan
2523,Japan
2524,Japan
2525,Japan
2526,Japan
2527,Japan
2528,Japan
2529,Japan
2530,Japan
2531,Japan
2532,Japan
2533,Japan
2534,Japan
2535,Japan
2536,Japan
2537,Japan
2538,Japan
2539,Japan
2540,Japan
2541,Japan
2542,Japan
2543,Japan
2544,Japan
2545,Japan
2546,Japan
2547,Japan
2548,Japan
2549,Japan
2550,Japan
2551,Japan
2552,Japan
2553,Japan
2554,Japan
2555,Japan
2556,Japan
2557,Japan
2558,Japan
2559,Japan
2560,Japan
2561,Japan
2562,Japan
2563,Japan
2564,Japan
2565,Japan
2566,Japan
2567,Japan
2568,Japan
2569,Japan
2570,Japan
2571,Japan
2572,Japan
2573,Japan
2574,Japan
2575,Japan
2576,Japan
2577,Japan
2578,Japan
2579,Japan
2580,Japan
2581,Japan
2582,Japan
2583,Japan
2584,Japan
2585,Japan
2586,Japan
2587,Japan
2588,Japan
2589,Japan
2590,Japan
2591,Japan
2592,Japan
2593,Japan
2594,Japan
2595,Japan
2596,Japan
2597,Japan
2598,Japan
2599,Japan
2600,Japan
2601,Japan
2602,Japan
2603,Japan
2604,Japan
2605,Japan
2606,Japan
2607,Japan
2608,Japan
2609,Japan
2610,Japan
2611,Japan
2612,Japan
2613,Japan
2614,Japan
2615,Japan
2616,Japan
2617,Japan
2618,Japan
2619,Japan
2620,Japan
2621,Japan
2622,Japan
2623,Japan
2624,Japan
2625,Japan
2626,Japan
2627,Japan
2628,Japan
2629,Japan
2630,Japan
2631,Japan
2632,Japan
2633,Japan
2634,Japan
2635,Japan
2636,Japan
2637,Japan
2638,Japan
2639,Japan
2640,Japan
2641,Japan
2642,Japan
2643,Japan
2644,Japan
2645,Japan
2646,Japan
2647,Japan
2648,Japan
2649,Japan
2650,Japan
2651,Japan
2652,Japan
2653,Japan
2654,Japan
2655,Japan
2656,Japan
2657,Japan
2658,Japan
2659,Japan
2660,Japan
2661,Japan
2662,Japan
2663,Japan
2664,Japan
2665,Japan
2666,Japan
2667,Japan
2668,Japan
2669,Japan
2670,Japan
2671,Japan
2672,Japan
2673,Japan
2674,Japan
2675,Japan
2676,Japan
2677,Japan
2678,Japan
2679,Japan
2680,Japan
2681,Japan
2682,Japan
2683,Japan
2684,Japan
2685,Japan
2686,Japan
2687,Japan
2688,Japan
2689,Japan
2690,Japan
2691,Japan
2692,Japan
2693,Japan
2694,Japan
2695,Japan
2696,Japan
2697,Japan
2698,Japan
2699,Japan
2700,Japan
2701,Japan
2702,Japan
2703,Japan
2704,Japan
2705,Japan
2706,Japan
2707,Japan
2708,Japan
2709,Japan
2710,Japan
2711,Japan
2712,Japan
2713,Japan
2714,Japan
2715,Japan
2716,Japan
2717,Japan
2718,Japan
2719,Japan
2720,Japan
2721,Japan
2722,Japan
2723,Japan
2724,Japan
2725,Japan
2726,Japan
2727,Japan
2728,Japan
2729,Japan
2730,Japan
2731,Japan
2732,Japan
2733,Japan
2734,Japan
2735,Japan
2736,Japan
2737,Japan
2738,Japan
2739,Japan
2740,Japan
2741,Japan
2742,Japan
2743,Japan
2744,Japan
2745,Japan
2746,Japan
2747,Japan
2748,Japan
2749,Japan
2750,Japan
2751,Japan
2752,Japan
2753,Japan
2754,Japan
2755,Japan
2756,Japan
2757,Japan
2758,Japan
2759,Japan
2760,Japan
2761,Japan
2762,Japan
2763,Japan
2764,Japan
2765,Japan
2766,Japan
2767,Japan
2768,Japan
2769,Japan
2770,Japan
2771,Japan
2772,Japan
2773,Japan
2774,Japan
2775,Japan
2776,Japan
2777,Japan
2778,Japan
2779,Japan
2780,Japan
2781,Japan
2782,Japan
2783,Japan
2784,Japan
2785,Japan
2786,Japan
2787,Japan
2788,Japan
2789,Japan
2790,Japan
2791,Japan
2792,Japan
2793,Japan
2794,Japan
2795,Japan
2796,Japan
2797,Japan
2798,Japan
2799,Japan
2800,Japan
2801,Japan
2802,Japan
2803,Japan
2804,Japan
2805,Japan
2806,Japan
2807,Japan
2808,Japan
2809,Japan
2810,Japan
2811,Japan
2812,Japan
2813,Japan
2814,Japan
2815,Japan
2816,Japan
2817,Japan
2818,Japan
2819,Japan
2820,Japan
2821,Japan
2822,Japan
2823,Japan
2824,Japan
2825,Japan
2826,Japan
2827,Japan
2828,Japan
2829,Japan
2830,Japan
2831,Japan
2832,Japan
2833,Japan
2834,Japan
2835,Japan
2836,Japan
2837,Japan
2838,Japan
2839,Japan
2840,Japan
2841,Japan
2842,Japan
2843,Japan
2844,Japan
2845,Japan
2846,Japan
2847,Japan
2848,Japan
2849,Japan
2850,Japan
2851,Japan
2852,Japan
2853,Japan
2854,Japan
2855,Japan
2856,Japan
2857,Japan
2858,Japan
2859,Japan
2860,Japan
2861,Japan
2862,Japan
2863,Japan
2864,Japan
2865,Japan
2866,Japan
2867,Japan
2868,Japan
2869,Japan
2870,Japan
2871,Japan
2872,Japan
2873,Japan
2874,Japan
2875,Japan
2876,Japan
2877,Japan
2878,Japan
2879,Japan
2880,Japan
2881,Japan
2882,Japan
2883,Japan
2884,Japan
2885,Japan
2886,Japan
2887,Japan
2888,Japan
2889,Japan
2890,Japan
2891,Japan
2892,Japan
2893,Japan
2894,Japan
2895,Japan
2896,Japan
2897,Japan
2898,Japan
2899,Japan
2900,Japan
2901,Japan
2902,Japan
2903,Japan
2904,Japan
2905,Japan
2906,Japan
2907,Japan
2908,Japan
2909,Japan
2910,Japan
2911,Japan
2912,Japan
2913,Japan
2914,Japan
2915,Japan
2916,Japan
2917,Japan
2918,Japan
2919,Japan
2920,Japan
2921,Japan
2922,Japan
2923,Japan
2924,Japan
2925,Japan
2926,Japan
2927,Japan
2928,Japan
2929,Japan
2930,Japan
2931,Japan
2932,Japan
2933,Japan
2934,Japan
2935,Japan
2936,Japan
2937,Japan
2938,Japan
2939,Japan
2940,Japan
2941,Japan
2942,Japan
2943,Japan
2944,Japan
2945,Japan
2946,Japan
2947,Japan
2948,Japan
2949,Japan
2950,Japan
2951,Japan
2952,Japan
2953,Japan
2954,Japan
2955,Japan
2956,Japan
2957,Japan
2958,Japan
2959,Japan
2960,Japan
2961,Good Smile Company
2962,Good Smile Company
2963,Good Smile Company
2964,Plex
2965,X PLUS
2966,Good Smile Company
2967,Good Smile Company
2968,Good Smile Company
2969,Good Smile Company
2970,Toytec
2971,Medicos Entertainment
2972,Good Smile Company
2973,Good Smile Company
2974,Good Smile Company
2975,Good Smile Arts Shanghai
2976,MEDIUM5
2977,Good Smile Arts Shanghai
2978,Good Smile Company
2979,Good Smile Company
2980,Good Smile Company
2981,Good Smile Company
2982,Good Smile Company
2983,Good Smile Company
2984,Good Smile Company
2985,Good Smile Arts Shanghai
2986,Good Smile Company
2987,Good Smile Company
2988,Good Smile Company
2989,Good Smile Company
2990,Good Smile Company
2991,MegaHouse
2992,Medicos Entertainment
2993,Phat Company
2994,Phat Company
2995,Good Smile Arts Shanghai
2996,Good Smile Arts Shanghai
2997,Good Smile Arts Shanghai
2998,Good Smile Company
2999,Fine Clover
3000,Good Smile Company
3001,Good Smile Company
3002,Good Smile Company
3003,Good Smile Company
3004,Good Smile Company
3005,Good Smile Company
3006,Good Smile Company
3007,Good Smile Company
3008,Good Smile Company
3009,Good Smile Company
3010,Good Smile Company
3011,Good Smile Company
3012,Good Smile Company
3013,Japan
3014,Good Smile Company
3015,Good Smile Arts Shanghai
3016,Good Smile Arts Shanghai
3017,"Good Smile Company , Good Smile Racing"
3018,Square Enix
3019,Good Smile Company
3020,Good Smile Company
3021,Fengrong
3022,Fengrong
3023,Good Smile Company
3024,Good Smile Company
3025,MegaHouse
3026,Good Smile Company
3027,Good Smile Company
3028,Good Smile Company
3029,Medicos Entertainment 
3030,Good Smile Company
3031,Bandai Spirits
3032,Bandai Spirits
3033,Emontoys
3034,Medicos Entertainment
3035,Good Smile Company
3036,Good Smile Company
3037,Good Smile Company
3038,Good Smile Arts Shanghai
3039,Good Smile Arts Shanghai
3040,Good Smile Arts Shanghai
3041,Good Smile Arts Shanghai
3042,Good Smile Arts Shanghai
3043,Good Smile Company
3044,Good Smile Arts Shanghai
3045,Good Smile Company
3046,Good Smile Company
3047,Good Smile Company
3048,MiHoYo
3049,Good Smile Company
3050,Good Smile Company
3051,Good Smile Arts Shanghai
3052,Square Enix
3053,Good Smile Company
3054,Good Smile Company
3055,Good Smile Company
3056,Good Smile Company
3057,Good Smile Company
3058,"PM Office A , Plum"
3059,"PM Office A , Plum"
3060,Good Smile Arts Shanghai
3061,Good Smile Arts Shanghai
3062,Good Smile Company
3063,Good Smile Company
3064,Good Smile Company
3065,Phat Company
3066,Phat Company
3067,Good Smile Company 
3068,Hobby Max
3069,Hobby Max
3070,Hobby Max
3071,Hobby Max
3072,Flare
3073,Flare
3074,Flare
3075,Good Smile Company
3076,Toytec
3077,Good Smile Company
3078,Good Smile Company
3079,Good Smile Company
3080,Good Smile Company
3081,Good Smile Company
3082,Good Smile Arts Shanghai
3083,Good Smile Company
3084,Good Smile Company
3085,Emontoys
3086,Emontoys
3087,Good Smile Company
3088,Good Smile Company
3089,Good Smile Arts Shanghai
3090,Good Smile Company
3091,Good Smile Company
3092,Good Smile Company
3093,Good Smile Company
3094,Good Smile Company
3095,Good Smile Arts Shanghai
3096,Good Smile Company
3097,Good Smile Company
3098,Good Smile Arts Shanghai
3099,Good Smile Company
3100,Good Smile Company
3101,Good Smile Arts Shanghai
3102,Good Smile Company
3103,Good Smile Company
3104,Good Smile Company
3105,Good Smile Company
3106,Good Smile Arts Shanghai
3107,Good Smile Company
3108,Good Smile Company
3109,MegaHouse
3110,MegaHouse
3111,Good Smile Company
3112,Good Smile Company
3113,Good Smile Company
3114,Good Smile Company
3115,Medicos Entertainment
3116,Good Smile Company
3117,Good Smile Arts Shanghai
3118,Fine Clover
3119,Good Smile Company
3120,Good Smile Company
3121,Good Smile Company
3122,Good Smile Company
3123,Good Smile Company
3124,Good Smile Company
3125,Max Factory
3126,Good Smile Company
3127,Good Smile Company
3128,Good Smile Company
3129,Good Smile Company
3130,Good Smile Company
3131,Good Smile Arts Shanghai
3132,Good Smile Arts Shanghai
3133,Good Smile Company
3134,Good Smile Company
3135,Good Smile Company
3136,Good Smile Company
3137,Good Smile Company
3138,Good Smile Company
3139,Good Smile Company
3140,Bandai Spirits
3141,Bandai Spirits
3142,Square Enix
3143,Good Smile Company
3144,Orange Rouge
3145,FREEing
3146,Good Smile Company
3147,Good Smile Arts Shanghai
3148,Good Smile Arts Shanghai
3149,Good Smile Company
3150,Good Smile Company
3151,Good Smile Company
3152,Good Smile Company
3153,Good Smile Company
3154,Good Smile Company
3155,Orange Rouge
3156,FREEing
3157,Good Smile Company
3158,RE-MENT
3159,Good Smile Company
3160,Good Smile Company
3161,MegaHouse
3162,Good Smile Arts Shanghai
3163,Bandai Spirits
3164,Good Smile Company
3165,Good Smile Company
3166,Plex
3167,Medicos Entertainment
3168,Good Smile Company
3169,Good Smile Company
3170,Good Smile Company
3171,Good Smile Company
3172,Good Smile Company
3173,Good Smile Company
3174,Good Smile Arts Shanghai
3175,Toytec
3176,Good Smile Company
3177,Good Smile Arts Shanghai
3178,Good Smile Company
3179,Takara Tomy
3180,Good Smile Company
3181,Good Smile Arts Shanghai
3182,MiHoYo
3183,MiHoYo
3184,MiHoYo
3185,MiHoYo
3186,MiHoYo
3187,Good Smile Arts Shanghai
3188,Good Smile Company
3189,Good Smile Arts Shanghai
3190,Good Smile Company
3191,Good Smile Company
3192,Good Smile Company
3193,Good Smile Company
3194,Good Smile Company
3195,Good Smile Company
3196,Good Smile Company
3197,Good Smile Company
3198,Good Smile Company
3199,Capcom
3200,Capcom
3201,Good Smile Company
3202,Good Smile Company
3203,Good Smile Company
3204,Phat Company
3205,Good Smile Company
3206,Good Smile Company
3207,PM Office A
3208,Sentinel
3209,Sentinel
3210,Good Smile Arts Shanghai
3211,"FunnyKnights, Aoshima"
3212,Good Smile Company
3213,Good Smile Company
3214,Good Smile Company
3215,Good Smile Company
3216,Medicos Entertainment
3217,Good Smile Company
3218,Good Smile Company
3219,Good Smile Company
3220,Good Smile Company
3221,Good Smile Arts Shanghai
3222,Good Smile Arts Shanghai
3223,Good Smile Company
3224,Good Smile Company
3225,Good Smile Company
3226,Good Smile Company
3227,NetEase Games
3228,Good Smile Company
3229,Max Factory
3230,Max Factory
3231,Good Smile Company
3232,Good Smile Company
3233,Good Smile Company
3234,Good Smile Company
3235,Good Smile Company
3236,Medicos Entertainment
3237,Good Smile Arts Shanghai
3238,Good Smile Company
3239,Good Smile Company
3240,Good Smile Company
3241,Good Smile Company
3242,Good Smile Company
3243,Good Smile Company
3244,Good Smile Company
3245,Good Smile Company
3246,Good Smile Arts Shanghai
3247,Good Smile Company
3248,Good Smile Company
3249,Good Smile Company
3250,Good Smile Company
3251,Good Smile Company
3252,Good Smile Company
3253,Good Smile Company
3254,Good Smile Company
3255,Good Smile Company
3256,Good Smile Arts Shanghai
3257,Good Smile Company
3258,Good Smile Company
3259,Good Smile Company
3260,Good Smile Company
3261,Toytec
3262,Aquamarine
3263,"Hobby Max , Hobby Max Japan"
3264,Hobby Max
3265,Medicos Entertainment
3266,Good Smile Company
3267,Good Smile Company
3268,Good Smile Company
3269,Good Smile Company
3270,Good Smile Company
3271,FREEing
3272,Good Smile Company
3273,Good Smile Arts Shanghai
3274,Japan
3275,Japan
3276,Japan
3277,Japan
3278,Japan
3279,Japan
3280,Japan
3281,Japan
3282,Japan
3283,Japan
3284,Japan
3285,Japan
3286,Japan
3287,Japan
3288,Japan
3289,Japan
3290,Japan
3291,Japan
3292,Japan
3293,Japan
3294,Japan
3295,Japan
3296,Japan
3297,Japan
3298,Japan
3299,Japan
3300,Japan
3301,Japan
3302,Japan
3303,Japan
3304,Japan
3305,Japan
3306,Japan
3307,Japan
3308,Japan
3309,Japan
3310,Japan
3311,Japan
3312,Japan
3313,Japan
3314,Japan
3315,Japan
3316,Japan
3317,Japan
3318,Japan
3319,Japan
3320,Japan
3321,Japan
3322,Japan
3323,Japan
3324,Japan
3325,Japan
3326,Japan
3327,Japan
3328,Japan
3329,Japan
3330,Japan
3331,Japan
3332,Japan
3333,Japan
3334,Japan
3335,Japan
3336,Japan
3337,Japan
3338,Japan
3339,Japan
3340,Japan
3341,Japan
3342,Japan
3343,Japan
3344,Japan
3345,Japan
3346,Japan
3347,Japan
3348,Japan
3349,Japan
3350,Japan
3351,Japan
3352,Japan
3353,Japan
3354,Japan
3355,Japan
3356,Japan
3357,Japan
3358,Japan
3359,Japan
3360,Japan
3361,Japan
3362,Japan
3363,Japan
3364,Japan
3365,Japan
3366,Japan
3367,Japan
3368,Japan
3369,Japan
3370,Japan
3371,Japan
3372,Japan
3373,Japan
3374,Japan
3375,Japan
3376,Japan
3377,Japan
3378,Japan
3379,Japan
3380,Japan
3381,Japan
3382,Japan
3383,Japan
3384,Japan
3385,Japan
3386,Japan
3387,Japan
3388,Japan
3389,Japan
3390,Japan
3391,Japan
3392,Japan
3393,Japan
3394,Japan
3395,Japan
3396,Japan
3397,Japan
3398,Japan
3399,Japan
3400,Japan
3401,Japan
3402,Japan
3403,Japan
3404,Japan
3405,Japan
3406,Japan
3407,Japan
3408,Japan
3409,Japan
3410,Japan
3411,Japan
3412,Japan
3413,Japan
3414,Japan
3415,Japan
3416,Japan
3417,Japan
3418,Japan
3419,Japan
3420,Japan
3421,Japan
3422,Japan
3423,Japan
3424,Japan
3425,Japan
3426,Japan
3427,Japan
3428,Japan
3429,Japan
3430,Japan
3431,Japan
3432,Japan
3433,Japan
3434,Japan
3435,Japan
3436,Japan
3437,Japan
3438,Japan
3439,Japan
3440,Japan
3441,Japan
3442,Japan
3443,Japan
3444,Japan
3445,Japan
3446,Japan
3447,Japan
3448,Japan
3449,Japan
3450,Japan
3451,Japan
3452,Japan
3453,Japan
3454,Japan
3455,Japan
3456,Japan
3457,Japan
3458,Japan
3459,Japan
3460,Japan
3461,Japan
3462,Japan
3463,Japan
3464,Japan
3465,Japan
3466,Japan
3467,Japan
3468,Japan
3469,Japan
3470,Japan
3471,Japan
3472,Japan
3473,Japan
3474,Japan
3475,Japan
3476,Japan
3477,Japan
3478,Japan
3479,Japan
3480,Japan
3481,Japan
3482,Japan
3483,Japan
3484,Japan
3485,Japan
3486,Japan
3487,Japan
3488,Japan
3489,Japan
3490,Japan
3491,Japan
3492,Japan
3493,Japan
3494,Japan
3495,Japan
3496,Japan
3497,Japan
3498,Japan
3499,Japan
3500,Japan
3501,Japan
3502,Japan
3503,Japan
3504,Japan
3505,Japan
3506,Japan
3507,Japan
3508,Japan
3509,Japan
3510,Japan
3511,Japan
3512,Japan
3513,Japan
3514,Japan
3515,Japan
3516,Japan
3517,Japan
3518,Japan
3519,Japan
3520,Japan
3521,Japan
3522,Japan
3523,Japan
3524,Japan
3525,Japan
3526,Japan
3527,Japan
3528,Japan
3529,Japan
3530,Japan
3531,Japan
3532,Japan
3533,Japan
3534,Japan
3535,Japan
3536,Japan
3537,Japan
3538,Japan
3539,Japan
3540,Japan
3541,Japan
3542,Japan
3543,Japan
3544,Japan
3545,Japan
3546,Japan
3547,Japan
3548,Japan
3549,Japan
3550,Japan
3551,Japan
3552,Japan
3553,Japan
3554,Japan
3555,Japan
3556,Japan
3557,Japan
3558,Japan
3559,Japan
3560,Japan
3561,Japan
3562,Japan
3563,Japan
3564,Japan
3565,Japan
3566,Japan
3567,Japan
3568,Japan
3569,Japan
3570,Japan
3571,Japan
3572,Japan
3573,Japan
3574,Japan
3575,Japan
3576,Japan
3577,Japan
3578,Japan
3579,Japan
3580,Japan
3581,Japan
3582,Japan
3583,Japan
3584,Japan
3585,Japan
3586,Japan
3587,Japan
3588,Japan
3589,Japan
3590,Japan
3591,Japan
3592,Japan
3593,Japan
3594,Japan
3595,Japan
3596,Japan
3597,Japan
3598,Japan
3599,Japan
3600,Japan
3601,Japan
3602,Japan
3603,Japan
3604,Japan
3605,Japan
3606,Japan
3607,Japan
3608,Japan
3609,Japan
3610,Japan
3611,Japan
3612,Japan
3613,Japan
3614,Japan
3615,Japan
3616,Japan
3617,Japan
3618,Japan
3619,Japan
3620,Japan
3621,Japan
3622,Japan
3623,Japan
3624,Japan
3625,Japan
3626,Japan
3627,Japan
3628,Japan
3629,Japan
3630,Japan
3631,Japan
3632,Japan
3633,Japan
3634,Japan
3635,Japan
3636,Japan
3637,Japan
3638,Japan
3639,Japan
3640,Japan
3641,Japan
3642,Japan
3643,Japan
3644,Japan
3645,Japan
3646,Japan
3647,Japan
3648,Japan
3649,Japan
3650,Japan
3651,Japan
3652,Japan
3653,Japan
3654,Japan
3655,Japan
3656,Japan
3657,Japan
3658,Japan
3659,Japan
3660,Japan
3661,Japan
3662,Japan
3663,Japan
3664,Japan
3665,Japan
3666,Japan
3667,Japan
3668,Japan
3669,Japan
3670,Japan
3671,Japan
3672,Japan
3673,Japan
3674,Japan
3675,Japan
3676,Japan
3677,Japan
3678,Japan
3679,Japan
3680,Japan
3681,Japan
3682,Japan
3683,Japan
3684,Japan
3685,Japan
3686,Japan
3687,Japan
3688,Japan
3689,Japan
3690,Japan
3691,Japan
3692,Japan
3693,Japan
3694,Japan
3695,Japan
3696,Japan
3697,Japan
3698,Japan
3699,Japan
3700,Japan
3701,Japan
3702,Japan
3703,Japan
3704,Japan
3705,Japan
3706,Japan
3707,Japan
3708,Japan
3709,Japan
3710,Japan
3711,Japan
3712,Japan
3713,Japan
3714,Japan
3715,Japan
3716,Japan
3717,Japan
3718,Japan
3719,Japan
3720,Japan
3721,Japan
3722,Japan
3723,Japan
3724,Japan
3725,Japan
3726,Japan
3727,Japan
3728,Japan
3729,Japan
3730,Japan
3731,Japan
3732,Japan
3733,Japan
3734,Japan
3735,Japan
3736,Japan
3737,Japan
3738,Japan
3739,Japan
3740,Japan
3741,Japan
3742,Japan
3743,Japan
3744,Japan
3745,Japan
3746,Japan
3747,Japan
3748,Japan
3749,Japan
3750,Japan
3751,Japan
3752,Japan
3753,Japan
3754,Japan
3755,Japan
3756,Japan
3757,Japan
3758,Japan
3759,Japan
3760,Japan
3761,Japan
3762,Japan
3763,Japan
3764,Japan
3765,Japan
3766,Japan
3767,Japan
3768,Japan
3769,Japan
3770,Japan
3771,Japan
3772,Japan
3773,Japan
3774,Japan
3775,Japan
3776,Japan
3777,Japan
3778,Japan
3779,Japan
3780,Japan
3781,Japan
3782,Japan
3783,Japan
3784,Japan
3785,Japan
3786,Japan
3787,Japan
3788,Japan
3789,Japan
3790,Japan
3791,Japan
3792,Japan
3793,Japan
3794,Japan
3795,Japan
3796,Japan
3797,Japan
3798,Japan
3799,Japan
3800,Japan
3801,Japan
3802,Japan
3803,Japan
3804,Japan
3805,Japan
3806,Japan
3807,Japan
3808,Japan
3809,Japan
3810,Japan
3811,Japan
3812,Japan
3813,Japan
3814,Japan
3815,Japan
3816,Japan
3817,Japan
3818,Japan
3819,Japan
3820,Japan
3821,Japan
3822,Japan
3823,Japan
3824,Japan
3825,Japan
3826,Japan
3827,Japan
3828,Japan
3829,Japan
3830,Japan
3831,Japan
3832,Japan
3833,Japan
3834,Japan
3835,Japan
3836,Japan
3837,Japan
3838,Japan
3839,Japan
3840,Japan
3841,Japan
3842,Japan
3843,Japan
3844,Japan
3845,Japan
3846,Japan
3847,Japan
3848,Japan
3849,Japan
3850,Japan
3851,Japan
3852,Japan
3853,Japan
3854,Japan
3855,Japan
3856,Japan
3857,Japan
3858,Japan
3859,Japan
3860,Japan
3861,Japan
3862,Japan
3863,Japan
3864,Japan
3865,Japan
3866,Japan
3867,Japan
3868,Japan
3869,Japan
3870,Japan
3871,Japan
3872,Japan
3873,Japan
3874,Japan
3875,Japan
3876,Japan
3877,Japan
3878,Japan
3879,Japan
3880,Japan
3881,Japan
3882,Japan
3883,Japan
3884,Japan
3885,Japan
3886,Japan
3887,Japan
3888,Japan
3889,Japan
3890,Japan
3891,Japan
3892,Japan
3893,Japan
3894,Japan
3895,Japan
3896,Japan
3897,Japan
3898,Japan
3899,Japan
3900,Japan
3901,Japan
3902,Japan
3903,Japan
3904,Japan
3905,Japan
3906,Japan
3907,Japan
3908,Japan
3909,Japan
3910,Japan
3911,Japan
3912,Japan
3913,Japan
3914,Japan
3915,Japan
3916,Japan
3917,Japan
3918,Japan
3919,Japan
3920,Japan
3921,Japan
3922,Japan
3923,Japan
3924,Japan
3925,Japan
3926,Japan
3927,Japan
3928,Japan
3929,Japan
3930,Japan
3931,Japan
3932,Japan
3933,Japan
3934,Japan
3935,Japan
3936,Japan
3937,Japan
3938,Japan
3939,Japan
3940,Japan
3941,Japan
3942,Japan
3943,Japan
3944,Japan
3945,Japan
3946,Japan
3947,Japan
3948,Japan
3949,Japan
3950,Japan
3951,Japan
3952,Japan
3953,Japan
3954,Japan
3955,Japan
3956,Japan
3957,Japan
3958,Japan
3959,Japan
3960,Japan
3961,Japan
3962,Japan
3963,Japan
3964,Japan
3965,Japan
3966,Japan
3967,Japan
3968,Japan
3969,Japan
3970,Japan
3971,Japan
3972,Japan
3973,Japan
3974,Japan
3975,Japan
3976,Japan
3977,Japan
3978,Japan
3979,Japan
3980,Japan
3981,Japan
3982,Japan
3983,Japan
3984,Japan
3985,Japan
3986,Japan
3987,Japan
3988,Japan
3989,Japan
3990,Japan
3991,Japan
3992,Japan
3993,Japan
3994,Japan
3995,Japan
3996,Japan
3997,Japan
3998,Japan
3999,Japan
4000,Japan
4001,Japan
4002,Japan
4003,Japan
4004,Japan
4005,Japan
4006,Japan
4007,Japan
4008,Japan
4009,Japan
4010,Japan
4011,Japan
4012,Japan
4013,Japan
4014,Japan
4015,Japan
4016,Japan
4017,Japan
4018,Japan
4019,Japan
4020,Japan
4021,Japan
4022,Japan
4023,Japan
4024,Japan
4025,Japan
4026,Japan
4027,Japan
4028,Japan
4029,Japan
4030,Japan
4031,Japan
4032,Japan
4033,Japan
4034,Japan
4035,Japan
4036,Japan
4037,Japan
4038,Japan
4039,Japan
4040,Japan
4041,Japan
4042,Japan
4043,Japan
4044,Japan
4045,Japan
4046,Japan
4047,Japan
4048,Japan
4049,Japan
4050,Japan
4051,Japan
4052,Japan
4053,Japan
4054,Japan
4055,Japan
4056,Japan
4057,Japan
4058,Japan
4059,Japan
4060,Japan
4061,Japan
4062,Japan
4063,Japan
4064,Japan
4065,Japan
4066,Japan
4067,Japan
4068,Japan
4069,Japan
4070,Japan
4071,Japan
4072,Japan
4073,Japan
4074,Japan
4075,Japan
4076,Japan
4077,Japan
4078,Japan
4079,Japan
4080,Japan
4081,Japan
4082,Japan
4083,Japan
4084,Japan
4085,Japan
4086,Japan
4087,Japan
4088,Japan
4089,Japan
4090,Japan
4091,Japan
4092,Japan
4093,Japan
4094,Japan
4095,Japan
4096,Japan
4097,Japan
4098,Japan
4099,Japan
4100,Japan
4101,Japan
4102,Japan
4103,Japan
4104,Japan
4105,Japan
4106,Japan
4107,Japan
4108,Japan
4109,Japan
4110,Japan
4111,Japan
4112,Japan
4113,Japan
4114,Japan
4115,Japan
4116,Japan
4117,Japan
4118,Japan
4119,Japan
4120,Japan
4121,Japan
4122,Japan
4123,Japan
4124,Japan
4125,Japan
4126,Japan
4127,Japan
4128,Japan
4129,Japan
4130,Japan
4131,Japan
4132,Japan
4133,Japan
4134,Japan
4135,Japan
4136,Japan
4137,Japan
4138,Japan
4139,Japan
4140,Japan
4141,Japan
4142,Japan
4143,Japan
4144,Japan
4145,Japan
4146,Japan
4147,Japan
4148,Japan
4149,Japan
4150,Japan
4151,Japan
4152,Japan
4153,Japan
4154,Japan
4155,Japan
4156,Japan
4157,Japan
4158,Japan
4159,Japan
4160,Japan
4161,Japan
4162,Japan
4163,Japan
4164,Japan
4165,Japan
4166,Japan
4167,Japan
4168,Japan
4169,Japan
4170,Japan
4171,Japan
4172,Japan
4173,Japan
4174,Japan
4175,Japan
4176,Japan
4177,Japan
4178,Japan
4179,Japan
4180,Japan
4181,Japan
4182,Japan
4183,Japan
4184,Japan
4185,Japan
4186,Japan
4187,Japan
4188,Japan
4189,Japan
4190,Japan
4191,Japan
4192,Japan
4193,Japan
4194,Japan
4195,Japan
4196,Japan
4197,Japan
4198,Japan
4199,Japan
4200,Japan
4201,Japan
4202,Japan
4203,Japan
4204,Japan
4205,Japan
4206,Japan
4207,Japan
4208,Japan
4209,Japan
4210,Japan
4211,Japan
4212,Japan
4213,Japan
4214,Japan
4215,Japan
4216,Japan
4217,Japan
4218,Japan
4219,Japan
4220,Japan
4221,Japan
4222,Japan
4223,Japan
4224,Japan
4225,Japan
4226,Japan
4227,Japan
4228,Japan
4229,Japan
4230,Japan
4231,Japan
4232,Japan
4233,Japan
4234,Japan
4235,Japan
4236,Japan
4237,Japan
4238,Japan
4239,Japan
4240,Japan
4241,Japan
4242,Japan
4243,Japan
4244,Japan
4245,Japan
4246,Japan
4247,Japan
4248,Japan
4249,Japan
4250,Japan
4251,Japan
4252,Japan
4253,Japan
4254,Japan
4255,Japan
4256,Japan
4257,Japan
4258,Japan
4259,Japan
4260,Japan
4261,Japan
4262,Japan
4263,Japan
4264,Japan
4265,Japan
4266,Japan
4267,Japan
4268,Japan
4269,Japan
4270,Japan
4271,Japan
4272,Japan
4273,Japan
4274,Japan
4275,Japan
4276,Japan
4277,Japan
4278,Japan
4279,Japan
4280,Japan
4281,Japan
4282,Japan
4283,Japan
4284,Japan
4285,Japan
4286,Japan
4287,Japan
4288,Japan
4289,Japan
4290,Japan
4291,Japan
4292,Japan
4293,Japan
4294,Japan
4295,Japan
4296,Japan
4297,Japan
4298,Japan
4299,Japan
4300,Japan
4301,Japan
4302,Japan
4303,Japan
4304,Japan
4305,Japan
4306,Japan
4307,Japan
4308,Japan
4309,Japan
4310,Japan
4311,Japan
4312,Japan
4313,Japan
4314,Japan
4315,Japan
4316,Japan
4317,Japan
4318,Japan
4319,Japan
4320,Japan
4321,Japan
4322,Japan
4323,Japan
4324,Japan
4325,Japan
4326,Japan
4327,Japan
4328,Japan
4329,Japan
4330,Japan
4331,Japan
4332,Japan
4333,Japan
4334,Japan
4335,Japan
4336,Japan
4337,Japan
4338,Japan
4339,Japan
4340,Japan
4341,Japan
4342,Japan
4343,Japan
4344,Japan
4345,Japan
4346,Japan
4347,Japan
4348,Japan
4349,Japan
4350,Japan
4351,Japan
4352,Japan
4353,Japan
4354,Japan
4355,Japan
4356,Japan
4357,Japan
4358,Japan
4359,Japan
4360,Japan
4361,Japan
4362,Japan
4363,Japan
4364,Japan
4365,Japan
4366,Japan
4367,Japan
4368,Japan
4369,Japan
4370,Japan
4371,Japan
4372,Japan
4373,Japan
4374,Japan
4375,Japan
4376,Japan
4377,Japan
4378,Japan
4379,Japan
4380,Japan
4381,Japan
4382,Japan
4383,Japan
4384,Japan
4385,Japan
4386,Japan
4387,Japan
4388,Japan
4389,Japan
4390,Japan
4391,Japan
4392,Japan
4393,Japan
4394,Japan
4395,Japan
4396,Japan
4397,Japan
4398,Japan
4399,Japan
4400,Japan
4401,Japan
4402,Japan
4403,Japan
4404,Japan
4405,Japan
4406,Japan
4407,Japan
4408,Japan
4409,Japan
4410,Japan
4411,Japan
4412,Japan
4413,Japan
4414,Japan
4415,Japan
4416,Japan
4417,Japan
4418,Japan
4419,Japan
4420,Japan
4421,Japan
4422,Japan
4423,Japan
4424,Japan
4425,Japan
4426,Japan
4427,Japan
4428,Japan
4429,Japan
4430,Japan
4431,Japan
4432,Japan
4433,Japan
4434,Japan
4435,Japan
4436,Japan
4437,Japan
4438,Japan
4439,Japan
4440,Japan
4441,Japan
4442,Japan
4443,Japan
4444,Japan
4445,Japan
4446,Japan
4447,Japan
4448,Japan
4449,Japan
4450,Japan
4451,Japan
4452,Japan
4453,Japan
4454,Japan
4455,Japan
4456,Japan
4457,Japan
4458,Japan
4459,Japan
4460,Japan
4461,Japan
4462,Japan
4463,Japan
4464,Japan
4465,Japan
4466,Japan
4467,Japan
4468,Japan
4469,Japan
4470,Japan
4471,Japan
4472,Japan
4473,Japan
4474,Japan
4475,Japan
4476,Japan
4477,Japan
4478,Japan
4479,Japan
4480,Japan
4481,Japan
4482,Japan
4483,Japan
4484,Japan
4485,Japan
4486,Japan
4487,Japan
4488,Japan
4489,Japan
4490,Japan
4491,Japan
4492,Japan
4493,Japan
4494,Japan
4495,Japan
4496,Japan
4497,Japan
4498,Japan
4499,Japan
4500,Japan
4501,Japan
4502,Japan
4503,Japan
4504,Japan
4505,Japan
4506,Japan
4507,Japan
4508,Japan
4509,Japan
4510,Japan
4511,Japan
4512,Japan
4513,Japan
4514,Japan
4515,Japan
4516,Japan
4517,Japan
4518,Japan
4519,Japan
4520,Japan
4521,Japan
